anchorID, rssi, tagID, ts, packNum, acc[0], acc[1], acc[2], dir
5, 73, 0001, 1706016571.238689, 114, 0.196133, -0.5099458, 9.7674234, 0.0
1, 54, 0001, 1706016571.39689, 114, 0.196133, -0.5099458, 9.7674234, 0.0
3, 53, 0001, 1706016571.387855, 114, 0.196133, -0.5099458, 9.7674234, 0.0
2, 47, 0001, 1706016571.390572, 112, 0.196133, -0.588399, 9.7281968, 0.0
4, 65, 0001, 1706016571.452407, 113, 0.1569064, -0.5099458, 9.7281968, 0.0
6, 34, 0001, 1706016571.52659, 114, 0.196133, -0.5099458, 9.7674234, 0.0
5, 64, 0001, 1706016571.43521, 114, 0.196133, -0.5099458, 9.7674234, 0.0
3, 77, 0001, 1706016571.493358, 114, 0.196133, -0.5099458, 9.7674234, 0.0
2, 58, 0001, 1706016571.480954, 112, 0.196133, -0.588399, 9.7281968, 0.0
3, 53, 0001, 1706016571.604123, 114, 0.196133, -0.5099458, 9.7674234, 0.0
2, 52, 0001, 1706016571.611496, 113, 0.1569064, -0.5099458, 9.7281968, 0.0
6, 34, 0001, 1706016571.735205, 115, 0.1176798, -0.5099458, 9.7281968, 0.0
2, 42, 0001, 1706016571.694174, 113, 0.1569064, -0.5099458, 9.7281968, 0.0
6, 30, 0001, 1706016571.836306, 115, 0.1176798, -0.5099458, 9.7281968, 0.0
4, 47, 0001, 1706016571.754471, 113, 0.1569064, -0.5099458, 9.7281968, 0.0
3, 53, 0001, 1706016571.802956, 115, 0.1176798, -0.5099458, 9.7281968, 0.0
2, 39, 0001, 1706016571.801449, 113, 0.1569064, -0.5099458, 9.7281968, 0.0
6, 31, 0001, 1706016571.945046, 115, 0.1176798, -0.5099458, 9.7281968, 0.0
1, 53, 0001, 1706016571.913663, 115, 0.1176798, -0.5099458, 9.7281968, 0.0
3, 71, 0001, 1706016571.904683, 115, 0.1176798, -0.5099458, 9.7281968, 0.0
2, 57, 0001, 1706016571.904552, 113, 0.1569064, -0.5099458, 9.7281968, 0.0
5, 75, 0001, 1706016571.944923, 115, 0.1176798, -0.5099458, 9.7281968, 0.0
1, 53, 0001, 1706016572.123336, 115, 0.1176798, -0.5099458, 9.7281968, 0.0
5, 82, 0001, 1706016572.048798, 115, 0.1176798, -0.5099458, 9.7281968, 0.0
2, 39, 0001, 1706016572.043872, 113, 0.1569064, -0.5099458, 9.7281968, 0.0
6, 34, 0001, 1706016572.154781, 115, 0.1176798, -0.5099458, 9.7281968, 0.0
2, 55, 0001, 1706016572.18403, 114, 0.196133, -0.5099458, 9.7674234, 0.0
3, 54, 0001, 1706016572.105435, 115, 0.1176798, -0.5099458, 9.7281968, 0.0
6, 35, 0001, 1706016572.363097, 116, 0.1569064, -0.5491724, 9.7674234, 0.0
2, 37, 0001, 1706016572.264687, 114, 0.196133, -0.5099458, 9.7674234, 0.0
5, 61, 0001, 1706016572.254457, 115, 0.1176798, -0.5099458, 9.7281968, 0.0
2, 39, 0001, 1706016572.329959, 114, 0.196133, -0.5099458, 9.7674234, 0.0
6, 34, 0001, 1706016572.468483, 116, 0.1569064, -0.5491724, 9.7674234, 0.0
3, 57, 0001, 1706016572.406303, 116, 0.1569064, -0.5491724, 9.7674234, 0.0
4, 62, 0001, 1706016572.458771, 114, 0.196133, -0.5099458, 9.7674234, 0.0
2, 57, 0001, 1706016572.477652, 115, 0.1176798, -0.5099458, 9.7281968, 0.0
5, 76, 0001, 1706016572.453958, 116, 0.1569064, -0.5491724, 9.7674234, 0.0
3, 73, 0001, 1706016572.508076, 116, 0.1569064, -0.5491724, 9.7674234, 0.0
4, 76, 0001, 1706016572.557999, 115, 0.1176798, -0.5099458, 9.7281968, 0.0
5, 80, 0001, 1706016572.558717, 116, 0.1569064, -0.5491724, 9.7674234, 0.0
3, 53, 0001, 1706016572.612862, 116, 0.1569064, -0.5491724, 9.7674234, 0.0
4, 65, 0001, 1706016572.662626, 115, 0.1176798, -0.5099458, 9.7281968, 0.0
2, 42, 0001, 1706016572.674579, 115, 0.1176798, -0.5099458, 9.7281968, 0.0
6, 36, 0001, 1706016572.78516, 117, 0.1569064, -0.5099458, 9.7674234, 0.0
1, 53, 0001, 1706016572.810697, 117, 0.1569064, -0.5099458, 9.7674234, 0.0
5, 82, 0001, 1706016572.769432, 116, 0.1569064, -0.5491724, 9.7674234, 0.0
6, 34, 0001, 1706016572.890339, 117, 0.1569064, -0.5099458, 9.7674234, 0.0
2, 47, 0001, 1706016572.805181, 115, 0.1176798, -0.5099458, 9.7281968, 0.0
3, 54, 0001, 1706016572.823202, 116, 0.1569064, -0.5491724, 9.7674234, 0.0
1, 62, 0001, 1706016572.919818, 117, 0.1569064, -0.5099458, 9.7674234, 0.0
6, 40, 0001, 1706016572.990347, 117, 0.1569064, -0.5099458, 9.7674234, 0.0
2, 41, 0001, 1706016572.915233, 115, 0.1176798, -0.5099458, 9.7281968, 0.0
4, 61, 0001, 1706016572.984483, 115, 0.1176798, -0.5099458, 9.7281968, 0.0
3, 67, 0001, 1706016573.033984, 117, 0.1569064, -0.5099458, 9.7674234, 0.0
5, 75, 0001, 1706016573.075728, 117, 0.1569064, -0.5099458, 9.7674234, 0.0
4, 49, 0001, 1706016573.187001, 116, 0.1569064, -0.5491724, 9.7674234, 0.0
1, 43, 0001, 1706016573.224307, 117, 0.1569064, -0.5099458, 9.7674234, 0.0
6, 33, 0001, 1706016573.302259, 117, 0.1569064, -0.5099458, 9.7674234, 0.0
2, 37, 0001, 1706016573.222117, 116, 0.1569064, -0.5491724, 9.7674234, 0.0
4, 62, 0001, 1706016573.285041, 116, 0.1569064, -0.5491724, 9.7674234, 0.0
1, 52, 0001, 1706016573.328635, 118, 0.1569064, -0.5099458, 9.80665, 0.0
3, 62, 0001, 1706016573.226468, 117, 0.1569064, -0.5099458, 9.7674234, 0.0
6, 34, 0001, 1706016573.406608, 118, 0.1569064, -0.5099458, 9.80665, 0.0
3, 67, 0001, 1706016573.330071, 117, 0.1569064, -0.5099458, 9.7674234, 0.0
1, 55, 0001, 1706016573.434544, 118, 0.1569064, -0.5099458, 9.80665, 0.0
2, 54, 0001, 1706016573.372398, 116, 0.1569064, -0.5491724, 9.7674234, 0.0
6, 34, 0001, 1706016573.512589, 118, 0.1569064, -0.5099458, 9.80665, 0.0
5, 75, 0001, 1706016573.377586, 117, 0.1569064, -0.5099458, 9.7674234, 0.0
3, 55, 0001, 1706016573.436042, 117, 0.1569064, -0.5099458, 9.7674234, 0.0
1, 51, 0001, 1706016573.538861, 118, 0.1569064, -0.5099458, 9.80665, 0.0
6, 34, 0001, 1706016573.617187, 118, 0.1569064, -0.5099458, 9.80665, 0.0
5, 71, 0001, 1706016573.483208, 118, 0.1569064, -0.5099458, 9.80665, 0.0
2, 53, 0001, 1706016573.52441, 116, 0.1569064, -0.5491724, 9.7674234, 0.0
1, 53, 0001, 1706016573.643667, 118, 0.1569064, -0.5099458, 9.80665, 0.0
3, 69, 0001, 1706016573.640709, 118, 0.1569064, -0.5099458, 9.80665, 0.0
6, 34, 0001, 1706016573.721844, 118, 0.1569064, -0.5099458, 9.80665, 0.0
4, 58, 0001, 1706016573.606316, 116, 0.1569064, -0.5491724, 9.7674234, 0.0
4, 45, 0001, 1706016573.728057, 117, 0.1569064, -0.5099458, 9.7674234, 0.0
1, 42, 0001, 1706016573.746199, 118, 0.1569064, -0.5099458, 9.80665, 0.0
6, 35, 0001, 1706016573.777611, 118, 0.1569064, -0.5099458, 9.80665, 0.0
5, 61, 0001, 1706016573.6939, 118, 0.1569064, -0.5099458, 9.80665, 0.0
3, 58, 0001, 1706016573.747766, 118, 0.1569064, -0.5099458, 9.80665, 0.0
6, 34, 0001, 1706016573.877881, 119, 0.1569064, -0.5491724, 9.7281968, 0.0
1, 50, 0001, 1706016573.850569, 119, 0.1569064, -0.5491724, 9.7281968, 0.0
5, 73, 0001, 1706016573.794657, 118, 0.1569064, -0.5099458, 9.80665, 0.0
3, 53, 0001, 1706016573.851159, 118, 0.1569064, -0.5099458, 9.80665, 0.0
6, 34, 0001, 1706016573.97892, 119, 0.1569064, -0.5491724, 9.7281968, 0.0
1, 50, 0001, 1706016573.953857, 119, 0.1569064, -0.5491724, 9.7281968, 0.0
6, 34, 0001, 1706016574.084478, 119, 0.1569064, -0.5491724, 9.7281968, 0.0
2, 58, 0001, 1706016573.968807, 117, 0.1569064, -0.5099458, 9.7674234, 0.0
1, 49, 0001, 1706016574.05923, 119, 0.1569064, -0.5491724, 9.7281968, 0.0
3, 75, 0001, 1706016574.044797, 119, 0.1569064, -0.5491724, 9.7281968, 0.0
5, 61, 0001, 1706016573.990293, 119, 0.1569064, -0.5491724, 9.7281968, 0.0
4, 71, 0001, 1706016574.10284, 117, 0.1569064, -0.5099458, 9.7674234, 0.0
3, 66, 0001, 1706016574.15143, 119, 0.1569064, -0.5491724, 9.7281968, 0.0
5, 86, 0001, 1706016574.096596, 119, 0.1569064, -0.5491724, 9.7281968, 0.0
1, 42, 0001, 1706016574.2674, 119, 0.1569064, -0.5491724, 9.7281968, 0.0
5, 78, 0001, 1706016574.201075, 119, 0.1569064, -0.5491724, 9.7281968, 0.0
6, 34, 0001, 1706016574.398957, 119, 0.1569064, -0.5491724, 9.7281968, 0.0
5, 83, 0001, 1706016574.304509, 119, 0.1569064, -0.5491724, 9.7281968, 0.0
1, 50, 0001, 1706016574.472432, 120, 0.196133, -0.5491724, 9.80665, 0.0
6, 34, 0001, 1706016574.501067, 120, 0.196133, -0.5491724, 9.80665, 0.0
3, 69, 0001, 1706016574.454679, 119, 0.1569064, -0.5491724, 9.7281968, 0.0
5, 68, 0001, 1706016574.405966, 119, 0.1569064, -0.5491724, 9.7281968, 0.0
2, 53, 0001, 1706016574.443857, 117, 0.1569064, -0.5099458, 9.7674234, 0.0
6, 34, 0001, 1706016574.60617, 120, 0.196133, -0.5491724, 9.80665, 0.0
1, 49, 0001, 1706016574.579625, 120, 0.196133, -0.5491724, 9.80665, 0.0
4, 47, 0001, 1706016574.516022, 118, 0.1569064, -0.5099458, 9.80665, 0.0
2, 59, 0001, 1706016574.564061, 118, 0.1569064, -0.5099458, 9.80665, 0.0
4, 50, 0001, 1706016574.63964, 118, 0.1569064, -0.5099458, 9.80665, 0.0
6, 34, 0001, 1706016574.713023, 120, 0.196133, -0.5491724, 9.80665, 0.0
1, 51, 0001, 1706016574.686932, 120, 0.196133, -0.5491724, 9.80665, 0.0
3, 53, 0001, 1706016574.654537, 120, 0.196133, -0.5491724, 9.80665, 0.0
5, 66, 0001, 1706016574.606997, 120, 0.196133, -0.5491724, 9.80665, 0.0
1, 43, 0001, 1706016574.741439, 120, 0.196133, -0.5491724, 9.80665, 0.0
4, 63, 0001, 1706016574.738878, 118, 0.1569064, -0.5099458, 9.80665, 0.0
2, 53, 0001, 1706016574.657625, 118, 0.1569064, -0.5099458, 9.80665, 0.0
5, 74, 0001, 1706016574.710582, 120, 0.196133, -0.5491724, 9.80665, 0.0
3, 74, 0001, 1706016574.760187, 120, 0.196133, -0.5491724, 9.80665, 0.0
4, 75, 0001, 1706016574.837746, 119, 0.1569064, -0.5491724, 9.7281968, 0.0
5, 77, 0001, 1706016574.816697, 120, 0.196133, -0.5491724, 9.80665, 0.0
2, 39, 0001, 1706016574.853237, 118, 0.1569064, -0.5099458, 9.80665, 0.0
1, 43, 0001, 1706016574.95146, 121, 0.1176798, -0.5491724, 9.7674234, 0.0
6, 36, 0001, 1706016575.02639, 121, 0.1176798, -0.5491724, 9.7674234, 0.0
5, 80, 0001, 1706016574.918594, 120, 0.196133, -0.5491724, 9.80665, 0.0
3, 72, 0001, 1706016574.973318, 120, 0.196133, -0.5491724, 9.80665, 0.0
2, 53, 0001, 1706016574.971341, 118, 0.1569064, -0.5099458, 9.80665, 0.0
3, 67, 0001, 1706016575.0772, 120, 0.196133, -0.5491724, 9.80665, 0.0
6, 34, 0001, 1706016575.228969, 121, 0.1176798, -0.5491724, 9.7674234, 0.0
3, 58, 0001, 1706016575.181529, 121, 0.1176798, -0.5491724, 9.7674234, 0.0
5, 78, 0001, 1706016575.123105, 121, 0.1176798, -0.5491724, 9.7674234, 0.0
3, 60, 0001, 1706016575.280589, 121, 0.1176798, -0.5491724, 9.7674234, 0.0
4, 62, 0001, 1706016575.253606, 119, 0.1569064, -0.5491724, 9.7281968, 0.0
6, 34, 0001, 1706016575.434953, 121, 0.1176798, -0.5491724, 9.7674234, 0.0
5, 64, 0001, 1706016575.322368, 121, 0.1176798, -0.5491724, 9.7674234, 0.0
2, 53, 0001, 1706016575.393129, 119, 0.1569064, -0.5491724, 9.7281968, 0.0
1, 50, 0001, 1706016575.465229, 121, 0.1176798, -0.5491724, 9.7674234, 0.0
6, 34, 0001, 1706016575.53929, 121, 0.1176798, -0.5491724, 9.7674234, 0.0
5, 75, 0001, 1706016575.421727, 121, 0.1176798, -0.5491724, 9.7674234, 0.0
6, 35, 0001, 1706016575.642746, 122, 0.196133, -0.4707192, 9.5320638, 0.0
3, 84, 0001, 1706016575.574376, 121, 0.1176798, -0.5491724, 9.7674234, 0.0
5, 65, 0001, 1706016575.625493, 121, 0.1176798, -0.5491724, 9.7674234, 0.0
3, 53, 0001, 1706016575.676248, 121, 0.1176798, -0.5491724, 9.7674234, 0.0
1, 49, 0001, 1706016575.774931, 122, 0.196133, -0.4707192, 9.5320638, 0.0
5, 80, 0001, 1706016575.725676, 122, 0.196133, -0.4707192, 9.5320638, 0.0
2, 55, 0001, 1706016575.741652, 120, 0.196133, -0.5491724, 9.80665, 0.0
3, 72, 0001, 1706016575.781811, 122, 0.196133, -0.4707192, 9.5320638, 0.0
1, 48, 0001, 1706016575.87927, 122, 0.196133, -0.4707192, 9.5320638, 0.0
3, 68, 0001, 1706016575.879504, 122, 0.196133, -0.4707192, 9.5320638, 0.0
2, 38, 0001, 1706016575.845755, 120, 0.196133, -0.5491724, 9.80665, 0.0
2, 60, 0001, 1706016575.936053, 120, 0.196133, -0.5491724, 9.80665, 0.0
3, 57, 0001, 1706016575.982874, 122, 0.196133, -0.4707192, 9.5320638, 0.0
4, 50, 0001, 1706016576.0137, 121, 0.1176798, -0.5491724, 9.7674234, 0.0
1, 42, 0001, 1706016576.09497, 123, 0.1569064, -0.7060788, 9.7281968, 0.0
5, 60, 0001, 1706016576.024557, 122, 0.196133, -0.4707192, 9.5320638, 0.0
6, 35, 0001, 1706016576.155359, 123, 0.1569064, -0.7060788, 9.7281968, 0.0
2, 53, 0001, 1706016576.056598, 121, 0.1176798, -0.5491724, 9.7674234, 0.0
3, 62, 0001, 1706016576.088412, 122, 0.196133, -0.4707192, 9.5320638, 0.0
2, 44, 0001, 1706016576.136457, 121, 0.1176798, -0.5491724, 9.7674234, 0.0
6, 34, 0001, 1706016576.310043, 123, 0.1569064, -0.7060788, 9.7281968, 0.0
4, 50, 0001, 1706016576.246366, 121, 0.1176798, -0.5491724, 9.7674234, 0.0
2, 41, 0001, 1706016576.224821, 121, 0.1176798, -0.5491724, 9.7674234, 0.0
5, 67, 0001, 1706016576.227764, 123, 0.1569064, -0.7060788, 9.7281968, 0.0
6, 35, 0001, 1706016576.425361, 123, 0.1569064, -0.7060788, 9.7281968, 0.0
3, 57, 0001, 1706016576.287537, 123, 0.1569064, -0.7060788, 9.7281968, 0.0
2, 53, 0001, 1706016576.343969, 121, 0.1176798, -0.5491724, 9.7674234, 0.0
6, 34, 0001, 1706016576.524381, 123, 0.1569064, -0.7060788, 9.7281968, 0.0
2, 49, 0001, 1706016576.423377, 121, 0.1176798, -0.5491724, 9.7674234, 0.0
5, 76, 0001, 1706016576.336258, 123, 0.1569064, -0.7060788, 9.7281968, 0.0
4, 63, 0001, 1706016576.541446, 122, 0.196133, -0.4707192, 9.5320638, 0.0
2, 41, 0001, 1706016576.508707, 121, 0.1176798, -0.5491724, 9.7674234, 0.0
6, 35, 0001, 1706016576.630121, 123, 0.1569064, -0.7060788, 9.7281968, 0.0
1, 41, 0001, 1706016576.611353, 123, 0.1569064, -0.7060788, 9.7281968, 0.0
3, 75, 0001, 1706016576.592872, 123, 0.1569064, -0.7060788, 9.7281968, 0.0
2, 54, 0001, 1706016576.58321, 122, 0.196133, -0.4707192, 9.5320638, 0.0
6, 34, 0001, 1706016576.732111, 124, 0.1176798, -0.5099458, 9.6889702, 0.0
5, 78, 0001, 1706016576.639363, 123, 0.1569064, -0.7060788, 9.7281968, 0.0
3, 54, 0001, 1706016576.698879, 123, 0.1569064, -0.7060788, 9.7281968, 0.0
2, 59, 0001, 1706016576.675023, 122, 0.196133, -0.4707192, 9.5320638, 0.0
4, 69, 0001, 1706016576.75314, 122, 0.196133, -0.4707192, 9.5320638, 0.0
6, 34, 0001, 1706016576.831577, 124, 0.1176798, -0.5099458, 9.6889702, 0.0
2, 41, 0001, 1706016576.74333, 122, 0.196133, -0.4707192, 9.5320638, 0.0
1, 47, 0001, 1706016576.817261, 124, 0.1176798, -0.5099458, 9.6889702, 0.0
5, 74, 0001, 1706016576.742745, 123, 0.1569064, -0.7060788, 9.7281968, 0.0
3, 70, 0001, 1706016576.798391, 123, 0.1569064, -0.7060788, 9.7281968, 0.0
6, 35, 0001, 1706016576.935664, 124, 0.1176798, -0.5099458, 9.6889702, 0.0
4, 47, 0001, 1706016576.862242, 122, 0.196133, -0.4707192, 9.5320638, 0.0
6, 34, 0001, 1706016577.039753, 124, 0.1176798, -0.5099458, 9.6889702, 0.0
4, 61, 0001, 1706016576.982352, 122, 0.196133, -0.4707192, 9.5320638, 0.0
5, 70, 0001, 1706016576.945956, 124, 0.1176798, -0.5099458, 9.6889702, 0.0
2, 54, 0001, 1706016576.991353, 123, 0.1569064, -0.7060788, 9.7281968, 0.0
1, 49, 0001, 1706016577.073325, 124, 0.1176798, -0.5099458, 9.6889702, 0.0
6, 31, 0001, 1706016577.139051, 124, 0.1176798, -0.5099458, 9.6889702, 0.0
3, 54, 0001, 1706016576.999901, 124, 0.1176798, -0.5099458, 9.6889702, 0.0
4, 55, 0001, 1706016577.099341, 123, 0.1569064, -0.7060788, 9.7281968, 0.0
5, 73, 0001, 1706016577.044389, 124, 0.1176798, -0.5099458, 9.6889702, 0.0
2, 60, 0001, 1706016577.072833, 123, 0.1569064, -0.7060788, 9.7281968, 0.0
6, 35, 0001, 1706016577.240035, 124, 0.1176798, -0.5099458, 9.6889702, 0.0
2, 55, 0001, 1706016577.168329, 123, 0.1569064, -0.7060788, 9.7281968, 0.0
5, 77, 0001, 1706016577.241685, 124, 0.1176798, -0.5099458, 9.6889702, 0.0
3, 67, 0001, 1706016577.291613, 124, 0.1176798, -0.5099458, 9.6889702, 0.0
2, 53, 0001, 1706016577.306053, 123, 0.1569064, -0.7060788, 9.7281968, 0.0
1, 41, 0001, 1706016577.389131, 125, 0.1569064, -0.5099458, 9.7281968, 0.0
5, 73, 0001, 1706016577.34127, 124, 0.1176798, -0.5099458, 9.6889702, 0.0
4, 61, 0001, 1706016577.411016, 123, 0.1569064, -0.7060788, 9.7281968, 0.0
1, 48, 0001, 1706016577.489962, 125, 0.1569064, -0.5099458, 9.7281968, 0.0
3, 67, 0001, 1706016577.498223, 125, 0.1569064, -0.5099458, 9.7281968, 0.0
6, 34, 0001, 1706016577.555087, 125, 0.1569064, -0.5099458, 9.7281968, 0.0
2, 55, 0001, 1706016577.444434, 123, 0.1569064, -0.7060788, 9.7281968, 0.0
1, 49, 0001, 1706016577.597674, 125, 0.1569064, -0.5099458, 9.7281968, 0.0
6, 34, 0001, 1706016577.663287, 125, 0.1569064, -0.5099458, 9.7281968, 0.0
3, 57, 0001, 1706016577.598961, 125, 0.1569064, -0.5099458, 9.7281968, 0.0
2, 52, 0001, 1706016577.601948, 123, 0.1569064, -0.7060788, 9.7281968, 0.0
4, 61, 0001, 1706016577.630562, 123, 0.1569064, -0.7060788, 9.7281968, 0.0
6, 35, 0001, 1706016577.767273, 125, 0.1569064, -0.5099458, 9.7281968, 0.0
5, 59, 0001, 1706016577.646367, 125, 0.1569064, -0.5099458, 9.7281968, 0.0
3, 74, 0001, 1706016577.704504, 125, 0.1569064, -0.5099458, 9.7281968, 0.0
5, 64, 0001, 1706016577.754065, 125, 0.1569064, -0.5099458, 9.7281968, 0.0
3, 53, 0001, 1706016577.809213, 125, 0.1569064, -0.5099458, 9.7281968, 0.0
4, 54, 0001, 1706016577.831223, 124, 0.1176798, -0.5099458, 9.6889702, 0.0
5, 76, 0001, 1706016577.855864, 125, 0.1569064, -0.5099458, 9.7281968, 0.0
6, 31, 0001, 1706016577.982091, 126, 0.1176798, -0.5491724, 9.7674234, 0.0
3, 57, 0001, 1706016577.9104, 125, 0.1569064, -0.5099458, 9.7281968, 0.0
4, 61, 0001, 1706016577.931343, 124, 0.1176798, -0.5099458, 9.6889702, 0.0
1, 48, 0001, 1706016578.020918, 126, 0.1176798, -0.5491724, 9.7674234, 0.0
6, 34, 0001, 1706016578.089861, 126, 0.1176798, -0.5491724, 9.7674234, 0.0
2, 53, 0001, 1706016577.986033, 124, 0.1176798, -0.5099458, 9.6889702, 0.0
4, 73, 0001, 1706016578.032997, 124, 0.1176798, -0.5099458, 9.6889702, 0.0
1, 49, 0001, 1706016578.118991, 126, 0.1176798, -0.5491724, 9.7674234, 0.0
6, 34, 0001, 1706016578.187279, 126, 0.1176798, -0.5491724, 9.7674234, 0.0
1, 47, 0001, 1706016578.226017, 126, 0.1176798, -0.5491724, 9.7674234, 0.0
6, 34, 0001, 1706016578.294698, 126, 0.1176798, -0.5491724, 9.7674234, 0.0
1, 55, 0001, 1706016578.334949, 126, 0.1176798, -0.5491724, 9.7674234, 0.0
4, 75, 0001, 1706016578.308999, 125, 0.1569064, -0.5099458, 9.7281968, 0.0
6, 34, 0001, 1706016578.404037, 126, 0.1176798, -0.5491724, 9.7674234, 0.0
2, 55, 0001, 1706016578.254915, 124, 0.1176798, -0.5099458, 9.6889702, 0.0
6, 29, 0001, 1706016578.503671, 127, 0.1569064, -0.5491724, 9.7674234, 0.0
3, 63, 0001, 1706016578.422862, 126, 0.1176798, -0.5491724, 9.7674234, 0.0
2, 53, 0001, 1706016578.396177, 124, 0.1176798, -0.5099458, 9.6889702, 0.0
5, 72, 0001, 1706016578.37363, 126, 0.1176798, -0.5491724, 9.7674234, 0.0
1, 49, 0001, 1706016578.545747, 127, 0.1569064, -0.5491724, 9.7674234, 0.0
6, 34, 0001, 1706016578.611584, 127, 0.1569064, -0.5491724, 9.7674234, 0.0
5, 68, 0001, 1706016578.480681, 126, 0.1176798, -0.5491724, 9.7674234, 0.0
6, 35, 0001, 1706016578.66624, 127, 0.1569064, -0.5491724, 9.7674234, 0.0
2, 58, 0001, 1706016578.521152, 125, 0.1569064, -0.5099458, 9.7281968, 0.0
4, 68, 0001, 1706016578.613425, 125, 0.1569064, -0.5099458, 9.7281968, 0.0
3, 74, 0001, 1706016578.63077, 127, 0.1569064, -0.5491724, 9.7674234, 0.0
6, 31, 0001, 1706016578.770561, 127, 0.1569064, -0.5491724, 9.7674234, 0.0
5, 68, 0001, 1706016578.57967, 127, 0.1569064, -0.5491724, 9.7674234, 0.0
1, 48, 0001, 1706016578.753443, 127, 0.1569064, -0.5491724, 9.7674234, 0.0
3, 67, 0001, 1706016578.732472, 127, 0.1569064, -0.5491724, 9.7674234, 0.0
6, 31, 0001, 1706016578.870279, 127, 0.1569064, -0.5491724, 9.7674234, 0.0
1, 50, 0001, 1706016578.854144, 127, 0.1569064, -0.5491724, 9.7674234, 0.0
5, 75, 0001, 1706016578.783967, 127, 0.1569064, -0.5491724, 9.7674234, 0.0
4, 48, 0001, 1706016578.916738, 126, 0.1176798, -0.5491724, 9.7674234, 0.0
3, 74, 0001, 1706016578.941635, 127, 0.1569064, -0.5491724, 9.7674234, 0.0
5, 72, 0001, 1706016578.882659, 127, 0.1569064, -0.5491724, 9.7674234, 0.0
2, 53, 0001, 1706016578.944065, 125, 0.1569064, -0.5099458, 9.7281968, 0.0
5, 75, 0001, 1706016578.985155, 127, 0.1569064, -0.5491724, 9.7674234, 0.0
3, 67, 0001, 1706016579.037893, 127, 0.1569064, -0.5491724, 9.7674234, 0.0
1, 42, 0001, 1706016579.197293, 128, 0.1176798, -0.5491724, 9.80665, 0.0
6, 34, 0001, 1706016579.287368, 128, 0.1176798, -0.5491724, 9.80665, 0.0
4, 62, 0001, 1706016579.226842, 126, 0.1176798, -0.5491724, 9.7674234, 0.0
5, 75, 0001, 1706016579.185503, 128, 0.1176798, -0.5491724, 9.80665, 0.0
2, 59, 0001, 1706016579.252428, 126, 0.1176798, -0.5491724, 9.7674234, 0.0
6, 34, 0001, 1706016579.385966, 128, 0.1176798, -0.5491724, 9.80665, 0.0
3, 71, 0001, 1706016579.337598, 128, 0.1176798, -0.5491724, 9.80665, 0.0
4, 65, 0001, 1706016579.423705, 127, 0.1569064, -0.5491724, 9.7674234, 0.0
1, 42, 0001, 1706016579.426957, 128, 0.1176798, -0.5491724, 9.80665, 0.0
3, 63, 0001, 1706016579.445525, 128, 0.1176798, -0.5491724, 9.80665, 0.0
2, 43, 0001, 1706016579.472906, 126, 0.1176798, -0.5491724, 9.7674234, 0.0
5, 64, 0001, 1706016579.492392, 128, 0.1176798, -0.5491724, 9.80665, 0.0
3, 60, 0001, 1706016579.549948, 128, 0.1176798, -0.5491724, 9.80665, 0.0
1, 49, 0001, 1706016579.633711, 129, 0.1569064, -0.5491724, 9.7281968, 0.0
6, 34, 0001, 1706016579.697493, 129, 0.1569064, -0.5491724, 9.7281968, 0.0
3, 70, 0001, 1706016579.652359, 128, 0.1176798, -0.5491724, 9.80665, 0.0
2, 40, 0001, 1706016579.658569, 127, 0.1569064, -0.5491724, 9.7674234, 0.0
1, 49, 0001, 1706016579.74166, 129, 0.1569064, -0.5491724, 9.7281968, 0.0
3, 68, 0001, 1706016579.755566, 129, 0.1569064, -0.5491724, 9.7281968, 0.0
6, 34, 0001, 1706016579.802387, 129, 0.1569064, -0.5491724, 9.7281968, 0.0
4, 47, 0001, 1706016579.640535, 127, 0.1569064, -0.5491724, 9.7674234, 0.0
4, 65, 0001, 1706016579.838725, 127, 0.1569064, -0.5491724, 9.7674234, 0.0
2, 37, 0001, 1706016579.848356, 127, 0.1569064, -0.5491724, 9.7674234, 0.0
3, 69, 0001, 1706016579.856321, 129, 0.1569064, -0.5491724, 9.7281968, 0.0
4, 48, 0001, 1706016579.959952, 127, 0.1569064, -0.5491724, 9.7674234, 0.0
5, 73, 0001, 1706016579.896445, 129, 0.1569064, -0.5491724, 9.7281968, 0.0
2, 58, 0001, 1706016579.945153, 127, 0.1569064, -0.5491724, 9.7674234, 0.0
3, 58, 0001, 1706016579.956336, 129, 0.1569064, -0.5491724, 9.7281968, 0.0
1, 61, 0001, 1706016580.051488, 129, 0.1569064, -0.5491724, 9.7281968, 0.0
6, 15, 0001, 1706016580.108306, 129, 0.1569064, -0.5491724, 9.7281968, 0.0
2, 55, 0001, 1706016580.015174, 127, 0.1569064, -0.5491724, 9.7674234, 0.0
5, 66, 0001, 1706016579.99748, 129, 0.1569064, -0.5491724, 9.7281968, 0.0
3, 54, 0001, 1706016580.060047, 129, 0.1569064, -0.5491724, 9.7281968, 0.0
1, 49, 0001, 1706016580.157374, 130, 0.1569064, -0.4707192, 9.6889702, 0.0
2, 52, 0001, 1706016580.106038, 127, 0.1569064, -0.5491724, 9.7674234, 0.0
6, 34, 0001, 1706016580.207776, 130, 0.1569064, -0.4707192, 9.6889702, 0.0
3, 61, 0001, 1706016580.258017, 129, 0.1569064, -0.5491724, 9.7281968, 0.0
6, 31, 0001, 1706016580.327597, 130, 0.1569064, -0.4707192, 9.6889702, 0.0
2, 55, 0001, 1706016580.275934, 128, 0.1176798, -0.5491724, 9.80665, 0.0
1, 53, 0001, 1706016580.3655, 130, 0.1569064, -0.4707192, 9.6889702, 0.0
6, 34, 0001, 1706016580.425532, 130, 0.1569064, -0.4707192, 9.6889702, 0.0
4, 51, 0001, 1706016580.368324, 128, 0.1176798, -0.5491724, 9.80665, 0.0
5, 66, 0001, 1706016580.300162, 130, 0.1569064, -0.4707192, 9.6889702, 0.0
3, 54, 0001, 1706016580.359426, 130, 0.1569064, -0.4707192, 9.6889702, 0.0
6, 33, 0001, 1706016580.524098, 130, 0.1569064, -0.4707192, 9.6889702, 0.0
3, 71, 0001, 1706016580.461418, 130, 0.1569064, -0.4707192, 9.6889702, 0.0
1, 50, 0001, 1706016580.57444, 130, 0.1569064, -0.4707192, 9.6889702, 0.0
6, 34, 0001, 1706016580.627427, 130, 0.1569064, -0.4707192, 9.6889702, 0.0
3, 68, 0001, 1706016580.563695, 130, 0.1569064, -0.4707192, 9.6889702, 0.0
5, 74, 0001, 1706016580.511903, 130, 0.1569064, -0.4707192, 9.6889702, 0.0
1, 48, 0001, 1706016580.675081, 131, 0.1569064, -0.588399, 9.7281968, 0.0
2, 59, 0001, 1706016580.611524, 129, 0.1569064, -0.5491724, 9.7281968, 0.0
4, 50, 0001, 1706016580.678506, 129, 0.1569064, -0.5491724, 9.7281968, 0.0
5, 67, 0001, 1706016580.611757, 130, 0.1569064, -0.4707192, 9.6889702, 0.0
6, 43, 0001, 1706016580.726977, 131, 0.1569064, -0.588399, 9.7281968, 0.0
2, 40, 0001, 1706016580.683677, 129, 0.1569064, -0.5491724, 9.7281968, 0.0
3, 56, 0001, 1706016580.762503, 130, 0.1569064, -0.4707192, 9.6889702, 0.0
5, 71, 0001, 1706016580.711418, 130, 0.1569064, -0.4707192, 9.6889702, 0.0
6, 47, 0001, 1706016580.835033, 131, 0.1569064, -0.588399, 9.7281968, 0.0
6, 46, 0001, 1706016580.936113, 131, 0.1569064, -0.588399, 9.7281968, 0.0
1, 50, 0001, 1706016580.884589, 131, 0.1569064, -0.588399, 9.7281968, 0.0
5, 63, 0001, 1706016580.816998, 131, 0.1569064, -0.588399, 9.7281968, 0.0
4, 68, 0001, 1706016580.869355, 129, 0.1569064, -0.5491724, 9.7281968, 0.0
3, 55, 0001, 1706016580.86164, 131, 0.1569064, -0.588399, 9.7281968, 0.0
2, 57, 0001, 1706016580.876066, 129, 0.1569064, -0.5491724, 9.7281968, 0.0
1, 49, 0001, 1706016580.987818, 131, 0.1569064, -0.588399, 9.7281968, 0.0
5, 76, 0001, 1706016580.918498, 131, 0.1569064, -0.588399, 9.7281968, 0.0
6, 34, 0001, 1706016581.038563, 131, 0.1569064, -0.588399, 9.7281968, 0.0
1, 49, 0001, 1706016581.096471, 131, 0.1569064, -0.588399, 9.7281968, 0.0
2, 55, 0001, 1706016581.047691, 130, 0.1569064, -0.4707192, 9.6889702, 0.0
6, 43, 0001, 1706016581.146869, 131, 0.1569064, -0.588399, 9.7281968, 0.0
1, 48, 0001, 1706016581.202237, 131, 0.1569064, -0.588399, 9.7281968, 0.0
3, 71, 0001, 1706016581.161956, 131, 0.1569064, -0.588399, 9.7281968, 0.0
2, 52, 0001, 1706016581.158544, 130, 0.1569064, -0.4707192, 9.6889702, 0.0
5, 78, 0001, 1706016581.115407, 131, 0.1569064, -0.588399, 9.7281968, 0.0
4, 47, 0001, 1706016581.24046, 130, 0.1569064, -0.4707192, 9.6889702, 0.0
6, 43, 0001, 1706016581.286607, 131, 0.1569064, -0.588399, 9.7281968, 0.0
1, 50, 0001, 1706016581.358474, 132, 0.1569064, -0.5491724, 9.7674234, 0.0
2, 36, 0001, 1706016581.284896, 130, 0.1569064, -0.4707192, 9.6889702, 0.0
6, 34, 0001, 1706016581.41726, 132, 0.1569064, -0.5491724, 9.7674234, 0.0
5, 65, 0001, 1706016581.325244, 131, 0.1569064, -0.588399, 9.7281968, 0.0
3, 68, 0001, 1706016581.378247, 131, 0.1569064, -0.588399, 9.7281968, 0.0
2, 42, 0001, 1706016581.362461, 130, 0.1569064, -0.4707192, 9.6889702, 0.0
3, 58, 0001, 1706016581.483563, 132, 0.1569064, -0.5491724, 9.7674234, 0.0
5, 67, 0001, 1706016581.430163, 132, 0.1569064, -0.5491724, 9.7674234, 0.0
6, 35, 0001, 1706016581.518304, 132, 0.1569064, -0.5491724, 9.7674234, 0.0
2, 41, 0001, 1706016581.497105, 131, 0.1569064, -0.588399, 9.7281968, 0.0
5, 65, 0001, 1706016581.535898, 132, 0.1569064, -0.5491724, 9.7674234, 0.0
3, 68, 0001, 1706016581.587069, 132, 0.1569064, -0.5491724, 9.7674234, 0.0
1, 48, 0001, 1706016581.67385, 132, 0.1569064, -0.5491724, 9.7674234, 0.0
2, 53, 0001, 1706016581.63779, 131, 0.1569064, -0.588399, 9.7281968, 0.0
5, 70, 0001, 1706016581.63751, 132, 0.1569064, -0.5491724, 9.7674234, 0.0
4, 61, 0001, 1706016581.742843, 131, 0.1569064, -0.588399, 9.7281968, 0.0
5, 72, 0001, 1706016581.736099, 132, 0.1569064, -0.5491724, 9.7674234, 0.0
3, 57, 0001, 1706016581.785317, 132, 0.1569064, -0.5491724, 9.7674234, 0.0
2, 59, 0001, 1706016581.805703, 131, 0.1569064, -0.588399, 9.7281968, 0.0
4, 51, 0001, 1706016581.921423, 131, 0.1569064, -0.588399, 9.7281968, 0.0
1, 42, 0001, 1706016581.981945, 133, 0.1569064, -0.5491724, 9.7674234, 0.0
2, 56, 0001, 1706016581.958491, 131, 0.1569064, -0.588399, 9.7281968, 0.0
6, 44, 0001, 1706016582.038704, 133, 0.1569064, -0.5491724, 9.7674234, 0.0
3, 71, 0001, 1706016581.986176, 133, 0.1569064, -0.5491724, 9.7674234, 0.0
1, 49, 0001, 1706016582.084823, 133, 0.1569064, -0.5491724, 9.7674234, 0.0
3, 68, 0001, 1706016582.08853, 133, 0.1569064, -0.5491724, 9.7674234, 0.0
4, 50, 0001, 1706016582.144839, 131, 0.1569064, -0.588399, 9.7281968, 0.0
1, 49, 0001, 1706016582.185963, 133, 0.1569064, -0.5491724, 9.7674234, 0.0
6, 43, 0001, 1706016582.141791, 133, 0.1569064, -0.5491724, 9.7674234, 0.0
2, 59, 0001, 1706016582.117657, 131, 0.1569064, -0.588399, 9.7281968, 0.0
3, 71, 0001, 1706016582.195162, 133, 0.1569064, -0.5491724, 9.7674234, 0.0
5, 78, 0001, 1706016582.142492, 133, 0.1569064, -0.5491724, 9.7674234, 0.0
1, 43, 0001, 1706016582.291996, 133, 0.1569064, -0.5491724, 9.7674234, 0.0
6, 35, 0001, 1706016582.349019, 133, 0.1569064, -0.5491724, 9.7674234, 0.0
4, 46, 0001, 1706016582.264737, 132, 0.1569064, -0.5491724, 9.7674234, 0.0
5, 59, 0001, 1706016582.241618, 133, 0.1569064, -0.5491724, 9.7674234, 0.0
3, 57, 0001, 1706016582.296502, 133, 0.1569064, -0.5491724, 9.7674234, 0.0
5, 73, 0001, 1706016582.348467, 133, 0.1569064, -0.5491724, 9.7674234, 0.0
3, 54, 0001, 1706016582.393775, 133, 0.1569064, -0.5491724, 9.7674234, 0.0
1, 49, 0001, 1706016582.500379, 134, 0.1176798, -0.5099458, 9.6889702, 0.0
3, 72, 0001, 1706016582.496874, 133, 0.1569064, -0.5491724, 9.7674234, 0.0
5, 82, 0001, 1706016582.44961, 133, 0.1569064, -0.5491724, 9.7674234, 0.0
6, 35, 0001, 1706016582.65552, 134, 0.1176798, -0.5099458, 9.6889702, 0.0
1, 49, 0001, 1706016582.707362, 134, 0.1176798, -0.5099458, 9.6889702, 0.0
2, 55, 0001, 1706016582.658145, 132, 0.1569064, -0.5491724, 9.7674234, 0.0
3, 56, 0001, 1706016582.696807, 134, 0.1176798, -0.5099458, 9.6889702, 0.0
5, 83, 0001, 1706016582.740326, 134, 0.1176798, -0.5099458, 9.6889702, 0.0
1, 42, 0001, 1706016582.809118, 134, 0.1176798, -0.5099458, 9.6889702, 0.0
3, 57, 0001, 1706016582.798574, 134, 0.1176798, -0.5099458, 9.6889702, 0.0
1, 61, 0001, 1706016582.914484, 135, 0.1569064, -0.588399, 9.6889702, 0.0
2, 59, 0001, 1706016582.80604, 132, 0.1569064, -0.5491724, 9.7674234, 0.0
4, 79, 0001, 1706016582.873308, 133, 0.1569064, -0.5491724, 9.7674234, 0.0
6, 34, 0001, 1706016582.966165, 135, 0.1569064, -0.588399, 9.6889702, 0.0
3, 67, 0001, 1706016582.90482, 134, 0.1176798, -0.5099458, 9.6889702, 0.0
1, 50, 0001, 1706016583.021716, 135, 0.1569064, -0.588399, 9.6889702, 0.0
6, 45, 0001, 1706016583.07311, 135, 0.1569064, -0.588399, 9.6889702, 0.0
3, 58, 0001, 1706016583.007646, 134, 0.1176798, -0.5099458, 9.6889702, 0.0
4, 65, 0001, 1706016582.971693, 133, 0.1569064, -0.5491724, 9.7674234, 0.0
5, 73, 0001, 1706016582.949197, 134, 0.1176798, -0.5099458, 9.6889702, 0.0
4, 61, 0001, 1706016583.07538, 133, 0.1569064, -0.5491724, 9.7674234, 0.0
1, 43, 0001, 1706016583.123244, 135, 0.1569064, -0.588399, 9.6889702, 0.0
6, 35, 0001, 1706016583.173673, 135, 0.1569064, -0.588399, 9.6889702, 0.0
3, 72, 0001, 1706016583.112963, 135, 0.1569064, -0.588399, 9.6889702, 0.0
1, 50, 0001, 1706016583.225196, 135, 0.1569064, -0.588399, 9.6889702, 0.0
2, 37, 0001, 1706016583.165703, 133, 0.1569064, -0.5491724, 9.7674234, 0.0
6, 34, 0001, 1706016583.276891, 135, 0.1569064, -0.588399, 9.6889702, 0.0
3, 72, 0001, 1706016583.212188, 135, 0.1569064, -0.588399, 9.6889702, 0.0
5, 63, 0001, 1706016583.155029, 135, 0.1569064, -0.588399, 9.6889702, 0.0
5, 80, 0001, 1706016583.255968, 135, 0.1569064, -0.588399, 9.6889702, 0.0
6, 34, 0001, 1706016583.380276, 135, 0.1569064, -0.588399, 9.6889702, 0.0
3, 72, 0001, 1706016583.315669, 135, 0.1569064, -0.588399, 9.6889702, 0.0
1, 49, 0001, 1706016583.363185, 135, 0.1569064, -0.588399, 9.6889702, 0.0
5, 59, 0001, 1706016583.359269, 135, 0.1569064, -0.588399, 9.6889702, 0.0
3, 55, 0001, 1706016583.41656, 135, 0.1569064, -0.588399, 9.6889702, 0.0
6, 34, 0001, 1706016583.482493, 135, 0.1569064, -0.588399, 9.6889702, 0.0
1, 50, 0001, 1706016583.487555, 136, 0.1569064, -0.5099458, 9.7674234, 0.0
2, 39, 0001, 1706016583.487426, 133, 0.1569064, -0.5491724, 9.7674234, 0.0
6, 31, 0001, 1706016583.584651, 136, 0.1569064, -0.5099458, 9.7674234, 0.0
1, 42, 0001, 1706016583.594186, 136, 0.1569064, -0.5099458, 9.7674234, 0.0
4, 61, 0001, 1706016583.589937, 134, 0.1176798, -0.5099458, 9.6889702, 0.0
6, 35, 0001, 1706016583.725196, 136, 0.1569064, -0.5099458, 9.7674234, 0.0
4, 76, 0001, 1706016583.6879, 134, 0.1176798, -0.5099458, 9.6889702, 0.0
3, 54, 0001, 1706016583.714523, 136, 0.1569064, -0.5099458, 9.7674234, 0.0
5, 74, 0001, 1706016583.658564, 136, 0.1569064, -0.5099458, 9.7674234, 0.0
4, 64, 0001, 1706016583.793306, 134, 0.1176798, -0.5099458, 9.6889702, 0.0
6, 35, 0001, 1706016583.853719, 136, 0.1569064, -0.5099458, 9.7674234, 0.0
5, 77, 0001, 1706016583.764025, 136, 0.1569064, -0.5099458, 9.7674234, 0.0
1, 62, 0001, 1706016583.906075, 136, 0.1569064, -0.5099458, 9.7674234, 0.0
6, 34, 0001, 1706016583.957398, 136, 0.1569064, -0.5099458, 9.7674234, 0.0
4, 65, 0001, 1706016583.908009, 135, 0.1569064, -0.588399, 9.6889702, 0.0
3, 55, 0001, 1706016583.918855, 136, 0.1569064, -0.5099458, 9.7674234, 0.0
5, 63, 0001, 1706016583.868188, 136, 0.1569064, -0.5099458, 9.7674234, 0.0
1, 50, 0001, 1706016584.008337, 137, 0.1569064, -0.4707192, 9.9243298, 0.0
5, 76, 0001, 1706016583.970193, 136, 0.1569064, -0.5099458, 9.7674234, 0.0
6, 35, 0001, 1706016584.163569, 137, 0.1569064, -0.4707192, 9.9243298, 0.0
1, 42, 0001, 1706016584.114833, 137, 0.1569064, -0.4707192, 9.9243298, 0.0
3, 73, 0001, 1706016584.023412, 136, 0.1569064, -0.5099458, 9.7674234, 0.0
4, 62, 0001, 1706016584.091981, 135, 0.1569064, -0.588399, 9.6889702, 0.0
1, 63, 0001, 1706016584.220331, 137, 0.1569064, -0.4707192, 9.9243298, 0.0
3, 67, 0001, 1706016584.220896, 137, 0.1569064, -0.4707192, 9.9243298, 0.0
5, 75, 0001, 1706016584.168809, 137, 0.1569064, -0.4707192, 9.9243298, 0.0
4, 65, 0001, 1706016584.301621, 135, 0.1569064, -0.588399, 9.6889702, 0.0
6, 35, 0001, 1706016584.375095, 137, 0.1569064, -0.4707192, 9.9243298, 0.0
1, 43, 0001, 1706016584.325493, 137, 0.1569064, -0.4707192, 9.9243298, 0.0
5, 79, 0001, 1706016584.271367, 137, 0.1569064, -0.4707192, 9.9243298, 0.0
3, 77, 0001, 1706016584.327442, 137, 0.1569064, -0.4707192, 9.9243298, 0.0
1, 50, 0001, 1706016584.431125, 137, 0.1569064, -0.4707192, 9.9243298, 0.0
2, 59, 0001, 1706016584.376013, 135, 0.1569064, -0.588399, 9.6889702, 0.0
5, 76, 0001, 1706016584.381713, 137, 0.1569064, -0.4707192, 9.9243298, 0.0
3, 68, 0001, 1706016584.432123, 137, 0.1569064, -0.4707192, 9.9243298, 0.0
6, 32, 0001, 1706016584.58906, 137, 0.1569064, -0.4707192, 9.9243298, 0.0
3, 55, 0001, 1706016584.534153, 137, 0.1569064, -0.4707192, 9.9243298, 0.0
5, 79, 0001, 1706016584.480225, 137, 0.1569064, -0.4707192, 9.9243298, 0.0
2, 55, 0001, 1706016584.47914, 135, 0.1569064, -0.588399, 9.6889702, 0.0
6, 34, 0001, 1706016584.693317, 138, 0.1569064, -0.4707192, 9.7674234, 0.0
4, 47, 0001, 1706016584.625657, 136, 0.1569064, -0.5099458, 9.7674234, 0.0
3, 54, 0001, 1706016584.638672, 137, 0.1569064, -0.4707192, 9.9243298, 0.0
5, 61, 0001, 1706016584.585582, 137, 0.1569064, -0.4707192, 9.9243298, 0.0
6, 34, 0001, 1706016584.79531, 138, 0.1569064, -0.4707192, 9.7674234, 0.0
1, 50, 0001, 1706016584.741781, 138, 0.1569064, -0.4707192, 9.7674234, 0.0
6, 35, 0001, 1706016584.900166, 138, 0.1569064, -0.4707192, 9.7674234, 0.0
2, 37, 0001, 1706016584.818644, 136, 0.1569064, -0.5099458, 9.7674234, 0.0
1, 50, 0001, 1706016584.946152, 138, 0.1569064, -0.4707192, 9.7674234, 0.0
6, 34, 0001, 1706016584.998765, 138, 0.1569064, -0.4707192, 9.7674234, 0.0
3, 58, 0001, 1706016584.845094, 138, 0.1569064, -0.4707192, 9.7674234, 0.0
2, 60, 0001, 1706016584.898613, 136, 0.1569064, -0.5099458, 9.7674234, 0.0
5, 76, 0001, 1706016584.890346, 138, 0.1569064, -0.4707192, 9.7674234, 0.0
3, 68, 0001, 1706016584.948515, 138, 0.1569064, -0.4707192, 9.7674234, 0.0
1, 62, 0001, 1706016585.049515, 138, 0.1569064, -0.4707192, 9.7674234, 0.0
6, 34, 0001, 1706016585.105789, 138, 0.1569064, -0.4707192, 9.7674234, 0.0
5, 65, 0001, 1706016584.992704, 138, 0.1569064, -0.4707192, 9.7674234, 0.0
2, 53, 0001, 1706016585.091189, 137, 0.1569064, -0.4707192, 9.9243298, 0.0
4, 62, 0001, 1706016585.096793, 137, 0.1569064, -0.4707192, 9.9243298, 0.0
6, 32, 0001, 1706016585.207317, 139, 0.1176798, -0.4707192, 9.6497436, 0.0
3, 76, 0001, 1706016585.147071, 138, 0.1569064, -0.4707192, 9.7674234, 0.0
2, 53, 0001, 1706016585.246019, 137, 0.1569064, -0.4707192, 9.9243298, 0.0
3, 67, 0001, 1706016585.247294, 138, 0.1569064, -0.4707192, 9.7674234, 0.0
1, 42, 0001, 1706016585.362703, 139, 0.1176798, -0.4707192, 9.6497436, 0.0
5, 81, 0001, 1706016585.288552, 139, 0.1176798, -0.4707192, 9.6497436, 0.0
2, 59, 0001, 1706016585.332681, 137, 0.1569064, -0.4707192, 9.9243298, 0.0
6, 34, 0001, 1706016585.518407, 139, 0.1176798, -0.4707192, 9.6497436, 0.0
2, 52, 0001, 1706016585.401378, 137, 0.1569064, -0.4707192, 9.9243298, 0.0
1, 50, 0001, 1706016585.568935, 139, 0.1176798, -0.4707192, 9.6497436, 0.0
3, 71, 0001, 1706016585.551996, 139, 0.1176798, -0.4707192, 9.6497436, 0.0
2, 43, 0001, 1706016585.488334, 138, 0.1569064, -0.4707192, 9.7674234, 0.0
5, 74, 0001, 1706016585.597414, 139, 0.1176798, -0.4707192, 9.6497436, 0.0
6, 35, 0001, 1706016585.72886, 139, 0.1176798, -0.4707192, 9.6497436, 0.0
3, 71, 0001, 1706016585.661498, 139, 0.1176798, -0.4707192, 9.6497436, 0.0
2, 55, 0001, 1706016585.59658, 138, 0.1569064, -0.4707192, 9.7674234, 0.0
3, 53, 0001, 1706016585.760988, 139, 0.1176798, -0.4707192, 9.6497436, 0.0
1, 42, 0001, 1706016585.837716, 140, 0.1176798, -0.5099458, 9.7281968, 0.0
5, 81, 0001, 1706016585.799468, 139, 0.1176798, -0.4707192, 9.6497436, 0.0
4, 61, 0001, 1706016585.793752, 138, 0.1569064, -0.4707192, 9.7674234, 0.0
6, 35, 0001, 1706016585.934211, 140, 0.1176798, -0.5099458, 9.7281968, 0.0
2, 59, 0001, 1706016585.866175, 138, 0.1569064, -0.4707192, 9.7674234, 0.0
1, 51, 0001, 1706016585.941218, 140, 0.1176798, -0.5099458, 9.7281968, 0.0
4, 49, 0001, 1706016585.999264, 138, 0.1569064, -0.4707192, 9.7674234, 0.0
6, 34, 0001, 1706016586.03753, 140, 0.1176798, -0.5099458, 9.7281968, 0.0
3, 67, 0001, 1706016585.962675, 140, 0.1176798, -0.5099458, 9.7281968, 0.0
1, 50, 0001, 1706016586.044055, 140, 0.1176798, -0.5099458, 9.7281968, 0.0
3, 71, 0001, 1706016586.06713, 140, 0.1176798, -0.5099458, 9.7281968, 0.0
6, 34, 0001, 1706016586.139116, 140, 0.1176798, -0.5099458, 9.7281968, 0.0
5, 67, 0001, 1706016586.007352, 140, 0.1176798, -0.5099458, 9.7281968, 0.0
1, 42, 0001, 1706016586.149565, 140, 0.1176798, -0.5099458, 9.7281968, 0.0
2, 55, 0001, 1706016586.13507, 139, 0.1176798, -0.4707192, 9.6497436, 0.0
6, 34, 0001, 1706016586.299132, 141, 0.1569064, -0.5491724, 9.8851032, 0.0
4, 80, 0001, 1706016586.192419, 139, 0.1176798, -0.4707192, 9.6497436, 0.0
5, 75, 0001, 1706016586.21143, 140, 0.1176798, -0.5099458, 9.7281968, 0.0
3, 67, 0001, 1706016586.271214, 140, 0.1176798, -0.5099458, 9.7281968, 0.0
5, 76, 0001, 1706016586.313189, 140, 0.1176798, -0.5099458, 9.7281968, 0.0
4, 61, 0001, 1706016586.418291, 139, 0.1176798, -0.4707192, 9.6497436, 0.0
3, 70, 0001, 1706016586.373435, 140, 0.1176798, -0.5099458, 9.7281968, 0.0
1, 43, 0001, 1706016586.460287, 141, 0.1569064, -0.5491724, 9.8851032, 0.0
6, 30, 0001, 1706016586.501386, 141, 0.1569064, -0.5491724, 9.8851032, 0.0
1, 51, 0001, 1706016586.568132, 141, 0.1569064, -0.5491724, 9.8851032, 0.0
6, 34, 0001, 1706016586.610377, 141, 0.1569064, -0.5491724, 9.8851032, 0.0
4, 66, 0001, 1706016586.539039, 139, 0.1176798, -0.4707192, 9.6497436, 0.0
4, 62, 0001, 1706016586.644513, 139, 0.1176798, -0.4707192, 9.6497436, 0.0
6, 34, 0001, 1706016586.712886, 141, 0.1569064, -0.5491724, 9.8851032, 0.0
2, 44, 0001, 1706016586.54768, 139, 0.1176798, -0.4707192, 9.6497436, 0.0
5, 67, 0001, 1706016586.608097, 141, 0.1569064, -0.5491724, 9.8851032, 0.0
3, 57, 0001, 1706016586.671756, 141, 0.1569064, -0.5491724, 9.8851032, 0.0
6, 34, 0001, 1706016586.812677, 141, 0.1569064, -0.5491724, 9.8851032, 0.0
1, 50, 0001, 1706016586.7736, 141, 0.1569064, -0.5491724, 9.8851032, 0.0
2, 56, 0001, 1706016586.686949, 139, 0.1176798, -0.4707192, 9.6497436, 0.0
5, 59, 0001, 1706016586.714558, 141, 0.1569064, -0.5491724, 9.8851032, 0.0
3, 67, 0001, 1706016586.771758, 141, 0.1569064, -0.5491724, 9.8851032, 0.0
4, 61, 0001, 1706016586.928011, 140, 0.1176798, -0.5099458, 9.7281968, 0.0
1, 42, 0001, 1706016586.985125, 142, 0.1176798, -0.5491724, 9.610517, 0.0
3, 72, 0001, 1706016586.973325, 141, 0.1569064, -0.5491724, 9.8851032, 0.0
2, 59, 0001, 1706016586.94583, 140, 0.1176798, -0.5099458, 9.7281968, 0.0
1, 50, 0001, 1706016587.087004, 142, 0.1176798, -0.5491724, 9.610517, 0.0
3, 68, 0001, 1706016587.070848, 142, 0.1176798, -0.5491724, 9.610517, 0.0
6, 34, 0001, 1706016587.228594, 142, 0.1176798, -0.5491724, 9.610517, 0.0
1, 50, 0001, 1706016587.191724, 142, 0.1176798, -0.5491724, 9.610517, 0.0
5, 77, 0001, 1706016587.121348, 142, 0.1176798, -0.5491724, 9.610517, 0.0
3, 61, 0001, 1706016587.1799, 142, 0.1176798, -0.5491724, 9.610517, 0.0
2, 59, 0001, 1706016587.167239, 140, 0.1176798, -0.5099458, 9.7281968, 0.0
6, 34, 0001, 1706016587.333976, 142, 0.1176798, -0.5491724, 9.610517, 0.0
1, 49, 0001, 1706016587.301893, 142, 0.1176798, -0.5491724, 9.610517, 0.0
5, 59, 0001, 1706016587.223786, 142, 0.1176798, -0.5491724, 9.610517, 0.0
2, 54, 0001, 1706016587.296078, 140, 0.1176798, -0.5099458, 9.7281968, 0.0
6, 34, 0001, 1706016587.440878, 143, 0.1569064, -0.5099458, 9.7674234, 0.0
1, 49, 0001, 1706016587.399876, 143, 0.1569064, -0.5099458, 9.7674234, 0.0
5, 76, 0001, 1706016587.325609, 142, 0.1176798, -0.5491724, 9.610517, 0.0
3, 69, 0001, 1706016587.382219, 142, 0.1176798, -0.5491724, 9.610517, 0.0
6, 35, 0001, 1706016587.544186, 143, 0.1569064, -0.5099458, 9.7674234, 0.0
1, 42, 0001, 1706016587.504697, 143, 0.1569064, -0.5099458, 9.7674234, 0.0
2, 43, 0001, 1706016587.472273, 141, 0.1569064, -0.5491724, 9.8851032, 0.0
6, 34, 0001, 1706016587.651377, 143, 0.1569064, -0.5099458, 9.7674234, 0.0
1, 50, 0001, 1706016587.606734, 143, 0.1569064, -0.5099458, 9.7674234, 0.0
5, 77, 0001, 1706016587.528316, 143, 0.1569064, -0.5099458, 9.7674234, 0.0
4, 64, 0001, 1706016587.64051, 141, 0.1569064, -0.5491724, 9.8851032, 0.0
3, 68, 0001, 1706016587.589872, 143, 0.1569064, -0.5099458, 9.7674234, 0.0
6, 34, 0001, 1706016587.752458, 143, 0.1569064, -0.5099458, 9.7674234, 0.0
4, 46, 0001, 1706016587.727157, 141, 0.1569064, -0.5491724, 9.8851032, 0.0
2, 53, 0001, 1706016587.703793, 141, 0.1569064, -0.5491724, 9.8851032, 0.0
5, 61, 0001, 1706016587.732525, 143, 0.1569064, -0.5099458, 9.7674234, 0.0
3, 72, 0001, 1706016587.791036, 143, 0.1569064, -0.5099458, 9.7674234, 0.0
2, 58, 0001, 1706016587.769942, 141, 0.1569064, -0.5491724, 9.8851032, 0.0
6, 34, 0001, 1706016587.858992, 143, 0.1569064, -0.5099458, 9.7674234, 0.0
1, 49, 0001, 1706016587.841923, 143, 0.1569064, -0.5099458, 9.7674234, 0.0
6, 34, 0001, 1706016587.962687, 143, 0.1569064, -0.5099458, 9.7674234, 0.0
1, 43, 0001, 1706016587.977459, 144, 0.1569064, -0.5099458, 9.7281968, 0.0
5, 61, 0001, 1706016587.940862, 143, 0.1569064, -0.5099458, 9.7674234, 0.0
3, 71, 0001, 1706016587.999131, 143, 0.1569064, -0.5099458, 9.7674234, 0.0
1, 50, 0001, 1706016588.077418, 144, 0.1569064, -0.5099458, 9.7281968, 0.0
6, 34, 0001, 1706016588.167909, 144, 0.1569064, -0.5099458, 9.7281968, 0.0
5, 65, 0001, 1706016588.046281, 143, 0.1569064, -0.5099458, 9.7674234, 0.0
2, 36, 0001, 1706016588.186034, 142, 0.1176798, -0.5491724, 9.610517, 0.0
1, 55, 0001, 1706016588.285316, 144, 0.1569064, -0.5099458, 9.7281968, 0.0
6, 34, 0001, 1706016588.374869, 144, 0.1569064, -0.5099458, 9.7281968, 0.0
6, 31, 0001, 1706016588.477443, 144, 0.1569064, -0.5099458, 9.7281968, 0.0
4, 62, 0001, 1706016588.433199, 143, 0.1569064, -0.5099458, 9.7674234, 0.0
1, 42, 0001, 1706016588.494292, 145, 0.0784532, -0.4707192, 9.7281968, 0.0
5, 59, 0001, 1706016588.448894, 144, 0.1569064, -0.5099458, 9.7281968, 0.0
3, 74, 0001, 1706016588.499733, 144, 0.1569064, -0.5099458, 9.7281968, 0.0
2, 43, 0001, 1706016588.446039, 142, 0.1176798, -0.5491724, 9.610517, 0.0
6, 34, 0001, 1706016588.621722, 145, 0.0784532, -0.4707192, 9.7281968, 0.0
5, 74, 0001, 1706016588.552211, 144, 0.1569064, -0.5099458, 9.7281968, 0.0
6, 34, 0001, 1706016588.742471, 145, 0.0784532, -0.4707192, 9.7281968, 0.0
2, 55, 0001, 1706016588.555523, 143, 0.1569064, -0.5099458, 9.7674234, 0.0
1, 49, 0001, 1706016588.699703, 145, 0.0784532, -0.4707192, 9.7281968, 0.0
5, 77, 0001, 1706016588.657213, 145, 0.0784532, -0.4707192, 9.7281968, 0.0
4, 61, 0001, 1706016588.747089, 143, 0.1569064, -0.5099458, 9.7674234, 0.0
6, 34, 0001, 1706016588.843208, 145, 0.0784532, -0.4707192, 9.7281968, 0.0
3, 55, 0001, 1706016588.80345, 145, 0.0784532, -0.4707192, 9.7281968, 0.0
6, 34, 0001, 1706016588.950848, 145, 0.0784532, -0.4707192, 9.7281968, 0.0
4, 51, 0001, 1706016588.85282, 143, 0.1569064, -0.5099458, 9.7674234, 0.0
2, 43, 0001, 1706016588.877652, 143, 0.1569064, -0.5099458, 9.7674234, 0.0
6, 32, 0001, 1706016589.049722, 145, 0.0784532, -0.4707192, 9.7281968, 0.0
1, 42, 0001, 1706016589.011851, 145, 0.0784532, -0.4707192, 9.7281968, 0.0
3, 57, 0001, 1706016589.010797, 145, 0.0784532, -0.4707192, 9.7281968, 0.0
4, 81, 0001, 1706016589.061665, 144, 0.1569064, -0.5099458, 9.7281968, 0.0
6, 34, 0001, 1706016589.154305, 146, 0.1176798, -0.5099458, 9.8458766, 0.0
1, 50, 0001, 1706016589.11254, 146, 0.1176798, -0.5099458, 9.8458766, 0.0
5, 76, 0001, 1706016589.061044, 145, 0.0784532, -0.4707192, 9.7281968, 0.0
6, 34, 0001, 1706016589.257095, 146, 0.1176798, -0.5099458, 9.8458766, 0.0
1, 50, 0001, 1706016589.218686, 146, 0.1176798, -0.5099458, 9.8458766, 0.0
2, 55, 0001, 1706016589.179833, 144, 0.1569064, -0.5099458, 9.7281968, 0.0
3, 71, 0001, 1706016589.210666, 145, 0.0784532, -0.4707192, 9.7281968, 0.0
5, 72, 0001, 1706016589.159693, 145, 0.0784532, -0.4707192, 9.7281968, 0.0
4, 46, 0001, 1706016589.28858, 144, 0.1569064, -0.5099458, 9.7281968, 0.0
6, 36, 0001, 1706016589.359926, 146, 0.1176798, -0.5099458, 9.8458766, 0.0
1, 42, 0001, 1706016589.320923, 146, 0.1176798, -0.5099458, 9.8458766, 0.0
3, 58, 0001, 1706016589.31145, 146, 0.1176798, -0.5099458, 9.8458766, 0.0
2, 58, 0001, 1706016589.263238, 144, 0.1569064, -0.5099458, 9.7281968, 0.0
5, 74, 0001, 1706016589.264478, 146, 0.1176798, -0.5099458, 9.8458766, 0.0
6, 34, 0001, 1706016589.463746, 146, 0.1176798, -0.5099458, 9.8458766, 0.0
3, 70, 0001, 1706016589.419069, 146, 0.1176798, -0.5099458, 9.8458766, 0.0
5, 64, 0001, 1706016589.364877, 146, 0.1176798, -0.5099458, 9.8458766, 0.0
2, 53, 0001, 1706016589.436105, 145, 0.0784532, -0.4707192, 9.7281968, 0.0
6, 35, 0001, 1706016589.565908, 146, 0.1176798, -0.5099458, 9.8458766, 0.0
1, 42, 0001, 1706016589.52747, 146, 0.1176798, -0.5099458, 9.8458766, 0.0
5, 81, 0001, 1706016589.465818, 146, 0.1176798, -0.5099458, 9.8458766, 0.0
2, 43, 0001, 1706016589.52425, 145, 0.0784532, -0.4707192, 9.7281968, 0.0
1, 51, 0001, 1706016589.633111, 146, 0.1176798, -0.5099458, 9.8458766, 0.0
6, 34, 0001, 1706016589.67493, 146, 0.1176798, -0.5099458, 9.8458766, 0.0
3, 54, 0001, 1706016589.618819, 146, 0.1176798, -0.5099458, 9.8458766, 0.0
6, 34, 0001, 1706016589.781161, 147, 0.1176798, -0.5491724, 9.7674234, 0.0
1, 51, 0001, 1706016589.738372, 147, 0.1176798, -0.5491724, 9.7674234, 0.0
5, 79, 0001, 1706016589.670604, 146, 0.1176798, -0.5099458, 9.8458766, 0.0
3, 69, 0001, 1706016589.721661, 146, 0.1176798, -0.5099458, 9.8458766, 0.0
6, 34, 0001, 1706016589.883431, 147, 0.1176798, -0.5491724, 9.7674234, 0.0
2, 53, 0001, 1706016589.662375, 145, 0.0784532, -0.4707192, 9.7281968, 0.0
1, 49, 0001, 1706016589.842558, 147, 0.1176798, -0.5491724, 9.7674234, 0.0
2, 52, 0001, 1706016589.804157, 145, 0.0784532, -0.4707192, 9.7281968, 0.0
3, 58, 0001, 1706016589.825616, 146, 0.1176798, -0.5099458, 9.8458766, 0.0
6, 31, 0001, 1706016589.990545, 147, 0.1176798, -0.5491724, 9.7674234, 0.0
1, 49, 0001, 1706016589.946636, 147, 0.1176798, -0.5491724, 9.7674234, 0.0
4, 61, 0001, 1706016589.975869, 145, 0.0784532, -0.4707192, 9.7281968, 0.0
6, 36, 0001, 1706016590.092781, 147, 0.1176798, -0.5491724, 9.7674234, 0.0
2, 59, 0001, 1706016589.946031, 146, 0.1176798, -0.5099458, 9.8458766, 0.0
1, 42, 0001, 1706016590.052242, 147, 0.1176798, -0.5491724, 9.7674234, 0.0
5, 60, 0001, 1706016589.966471, 147, 0.1176798, -0.5491724, 9.7674234, 0.0
4, 87, 0001, 1706016590.081085, 146, 0.1176798, -0.5099458, 9.8458766, 0.0
5, 75, 0001, 1706016590.075829, 147, 0.1176798, -0.5491724, 9.7674234, 0.0
6, 34, 0001, 1706016590.19715, 147, 0.1176798, -0.5491724, 9.7674234, 0.0
3, 70, 0001, 1706016590.229055, 147, 0.1176798, -0.5491724, 9.7674234, 0.0
6, 34, 0001, 1706016590.297804, 147, 0.1176798, -0.5491724, 9.7674234, 0.0
2, 37, 0001, 1706016590.216043, 146, 0.1176798, -0.5099458, 9.8458766, 0.0
5, 79, 0001, 1706016590.181684, 147, 0.1176798, -0.5491724, 9.7674234, 0.0
1, 41, 0001, 1706016590.312208, 148, 0.1569064, -0.5491724, 9.7281968, 0.0
6, 35, 0001, 1706016590.398779, 148, 0.1569064, -0.5491724, 9.7281968, 0.0
5, 61, 0001, 1706016590.286688, 147, 0.1176798, -0.5491724, 9.7674234, 0.0
6, 34, 0001, 1706016590.501195, 148, 0.1569064, -0.5491724, 9.7281968, 0.0
5, 75, 0001, 1706016590.387557, 147, 0.1176798, -0.5491724, 9.7674234, 0.0
6, 29, 0001, 1706016590.606947, 148, 0.1569064, -0.5491724, 9.7281968, 0.0
2, 47, 0001, 1706016590.48374, 146, 0.1176798, -0.5099458, 9.8458766, 0.0
5, 68, 0001, 1706016590.483083, 148, 0.1569064, -0.5491724, 9.7281968, 0.0
1, 49, 0001, 1706016590.628116, 148, 0.1569064, -0.5491724, 9.7281968, 0.0
6, 34, 0001, 1706016590.718414, 148, 0.1569064, -0.5491724, 9.7281968, 0.0
3, 67, 0001, 1706016590.633574, 148, 0.1569064, -0.5491724, 9.7281968, 0.0
2, 59, 0001, 1706016590.616032, 146, 0.1176798, -0.5099458, 9.8458766, 0.0
1, 49, 0001, 1706016590.731837, 148, 0.1569064, -0.5491724, 9.7281968, 0.0
5, 68, 0001, 1706016590.687561, 148, 0.1569064, -0.5491724, 9.7281968, 0.0
6, 34, 0001, 1706016590.821674, 148, 0.1569064, -0.5491724, 9.7281968, 0.0
1, 50, 0001, 1706016590.838473, 148, 0.1569064, -0.5491724, 9.7281968, 0.0
5, 73, 0001, 1706016590.792764, 148, 0.1569064, -0.5491724, 9.7281968, 0.0
4, 66, 0001, 1706016590.904295, 147, 0.1176798, -0.5491724, 9.7674234, 0.0
1, 49, 0001, 1706016590.937866, 149, 0.1569064, -0.5099458, 9.7281968, 0.0
6, 34, 0001, 1706016591.030849, 149, 0.1569064, -0.5099458, 9.7281968, 0.0
3, 70, 0001, 1706016590.94188, 148, 0.1569064, -0.5491724, 9.7281968, 0.0
4, 46, 0001, 1706016591.011728, 147, 0.1176798, -0.5491724, 9.7674234, 0.0
6, 35, 0001, 1706016591.134345, 149, 0.1569064, -0.5099458, 9.7281968, 0.0
3, 74, 0001, 1706016591.049287, 148, 0.1569064, -0.5491724, 9.7281968, 0.0
5, 60, 0001, 1706016590.999122, 148, 0.1569064, -0.5491724, 9.7281968, 0.0
6, 34, 0001, 1706016591.185468, 149, 0.1569064, -0.5099458, 9.7281968, 0.0
3, 68, 0001, 1706016591.155171, 149, 0.1569064, -0.5099458, 9.7281968, 0.0
5, 66, 0001, 1706016591.100366, 149, 0.1569064, -0.5099458, 9.7281968, 0.0
6, 34, 0001, 1706016591.286879, 149, 0.1569064, -0.5099458, 9.7281968, 0.0
2, 37, 0001, 1706016591.205997, 147, 0.1176798, -0.5491724, 9.7674234, 0.0
5, 79, 0001, 1706016591.20611, 149, 0.1569064, -0.5099458, 9.7281968, 0.0
1, 49, 0001, 1706016591.358475, 149, 0.1569064, -0.5099458, 9.7281968, 0.0
5, 74, 0001, 1706016591.308429, 149, 0.1569064, -0.5099458, 9.7281968, 0.0
6, 34, 0001, 1706016591.496272, 150, 0.1569064, -0.5099458, 9.8458766, 0.0
1, 60, 0001, 1706016591.461908, 150, 0.1569064, -0.5099458, 9.8458766, 0.0
2, 55, 0001, 1706016591.408814, 147, 0.1176798, -0.5491724, 9.7674234, 0.0
3, 68, 0001, 1706016591.456554, 149, 0.1569064, -0.5099458, 9.7281968, 0.0
3, 73, 0001, 1706016591.56531, 149, 0.1569064, -0.5099458, 9.7281968, 0.0
5, 72, 0001, 1706016591.510768, 149, 0.1569064, -0.5099458, 9.7281968, 0.0
6, 34, 0001, 1706016591.702208, 150, 0.1569064, -0.5099458, 9.8458766, 0.0
1, 49, 0001, 1706016591.667513, 150, 0.1569064, -0.5099458, 9.8458766, 0.0
3, 67, 0001, 1706016591.668431, 150, 0.1569064, -0.5099458, 9.8458766, 0.0
2, 58, 0001, 1706016591.609935, 148, 0.1569064, -0.5491724, 9.7281968, 0.0
5, 65, 0001, 1706016591.616785, 150, 0.1569064, -0.5099458, 9.8458766, 0.0
6, 35, 0001, 1706016591.806636, 150, 0.1569064, -0.5099458, 9.8458766, 0.0
1, 49, 0001, 1706016591.771311, 150, 0.1569064, -0.5099458, 9.8458766, 0.0
2, 38, 0001, 1706016591.72042, 148, 0.1569064, -0.5491724, 9.7281968, 0.0
3, 56, 0001, 1706016591.769207, 150, 0.1569064, -0.5099458, 9.8458766, 0.0
5, 67, 0001, 1706016591.719563, 150, 0.1569064, -0.5099458, 9.8458766, 0.0
4, 62, 0001, 1706016591.832297, 148, 0.1569064, -0.5491724, 9.7281968, 0.0
1, 58, 0001, 1706016591.880017, 150, 0.1569064, -0.5099458, 9.8458766, 0.0
6, 34, 0001, 1706016591.915816, 150, 0.1569064, -0.5099458, 9.8458766, 0.0
2, 58, 0001, 1706016591.835956, 148, 0.1569064, -0.5491724, 9.7281968, 0.0
5, 73, 0001, 1706016591.819999, 150, 0.1569064, -0.5099458, 9.8458766, 0.0
3, 75, 0001, 1706016591.869114, 150, 0.1569064, -0.5099458, 9.8458766, 0.0
6, 31, 0001, 1706016592.024848, 150, 0.1569064, -0.5099458, 9.8458766, 0.0
1, 49, 0001, 1706016591.987794, 150, 0.1569064, -0.5099458, 9.8458766, 0.0
3, 55, 0001, 1706016591.976125, 150, 0.1569064, -0.5099458, 9.8458766, 0.0
2, 58, 0001, 1706016592.036044, 148, 0.1569064, -0.5491724, 9.7281968, 0.0
5, 64, 0001, 1706016591.925918, 150, 0.1569064, -0.5099458, 9.8458766, 0.0
3, 74, 0001, 1706016592.078356, 150, 0.1569064, -0.5099458, 9.8458766, 0.0
6, 34, 0001, 1706016592.128568, 151, 0.196133, -0.5491724, 9.6889702, 0.0
6, 34, 0001, 1706016592.236039, 151, 0.196133, -0.5491724, 9.6889702, 0.0
1, 50, 0001, 1706016592.198116, 151, 0.196133, -0.5491724, 9.6889702, 0.0
5, 76, 0001, 1706016592.1318, 150, 0.1569064, -0.5099458, 9.8458766, 0.0
4, 64, 0001, 1706016592.222771, 149, 0.1569064, -0.5099458, 9.7281968, 0.0
3, 68, 0001, 1706016592.184952, 150, 0.1569064, -0.5099458, 9.8458766, 0.0
6, 31, 0001, 1706016592.339971, 151, 0.196133, -0.5491724, 9.6889702, 0.0
2, 53, 0001, 1706016592.246439, 149, 0.1569064, -0.5099458, 9.7281968, 0.0
6, 34, 0001, 1706016592.442576, 151, 0.196133, -0.5491724, 9.6889702, 0.0
4, 47, 0001, 1706016592.324564, 149, 0.1569064, -0.5099458, 9.7281968, 0.0
3, 72, 0001, 1706016592.285658, 151, 0.196133, -0.5491724, 9.6889702, 0.0
3, 68, 0001, 1706016592.388444, 151, 0.196133, -0.5491724, 9.6889702, 0.0
1, 51, 0001, 1706016592.505917, 151, 0.196133, -0.5491724, 9.6889702, 0.0
